[
  { "Amostra": "1",  "Dados": [4.885, 4.934, 4.906, 4.911, 4.922] },
  { "Amostra": "2",  "Dados": [4.918, 4.872, 4.902, 4.888, 4.936] },
  { "Amostra": "3",  "Dados": [4.895, 4.948, 4.928, 4.932, 4.887] },
  { "Amostra": "4",  "Dados": [4.944, 4.925, 4.886, 4.905, 4.918] },
  { "Amostra": "5",  "Dados": [4.908, 4.932, 4.891, 4.882, 4.952] },
  { "Amostra": "6",  "Dados": [4.875, 4.899, 4.923, 4.936, 4.908] },
  { "Amostra": "7",  "Dados": [4.939, 4.892, 4.927, 4.947, 4.883] },
  { "Amostra": "8",  "Dados": [4.901, 4.954, 4.935, 4.928, 4.912] },
  { "Amostra": "9",  "Dados": [4.878, 4.934, 4.895, 4.922, 4.911] },
  { "Amostra": "10", "Dados": [4.917, 4.943, 4.954, 4.929, 4.936] },
  { "Amostra": "11", "Dados": [4.876, 4.914, 4.933, 4.949, 4.927] },
  { "Amostra": "12", "Dados": [4.943, 4.956, 4.928, 4.901, 4.937] },
  { "Amostra": "13", "Dados": [4.934, 4.887, 4.921, 4.948, 4.915] },
  { "Amostra": "14", "Dados": [4.892, 4.951, 4.946, 4.902, 4.938] },
  { "Amostra": "15", "Dados": [4.949, 4.922, 4.953, 4.897, 4.945] },
  { "Amostra": "16", "Dados": [4.905, 4.888, 4.948, 4.932, 4.954] },
  { "Amostra": "17", "Dados": [4.938, 4.958, 4.928, 4.884, 4.925] },
  { "Amostra": "18", "Dados": [4.891, 4.931, 4.962, 4.916, 4.942] },
  { "Amostra": "19", "Dados": [4.879, 4.894, 4.954, 4.929, 4.918] },
  { "Amostra": "20", "Dados": [4.947, 4.959, 4.908, 4.915, 4.933] }
]

